<?xml version="1.0" encoding="UTF-8" ?>
<!DOCTYPE mapper PUBLIC "-//mybatis.org//DTD Mapper 3.0//EN" 
	"http://mybatis.org/dtd/mybatis-3-mapper.dtd">
<mapper namespace="com.ssafy.happyhouse.model.mapper.UserMapMapper">
	<select id="idCheck" parameterType="String" resultType="int">
		select count(id) from user where id = #{id}
	</select>
	
	<select id="registerUser" parameterType="UserDto">
		insert into user (id, password, name, address, phoneNumber)
		values (#{id}, #{password}, #{name}, #{address}, #{phoneNumber})
	</select>
	
	<select id="login" parameterType="map" resultType="UserDto">
		select id, password, name, address, phoneNumber
		from user
		where id = #{id} and password = #{password}
	</select>
	
	<select id="getUser" parameterType="String" resultType="UserDto">
		select * from user
		where id = #{id}
	</select>
	
	<select id="updateUser" parameterType="UserDto">
		update user set password=#{password}, name=#{name}, address=#{address}, phoneNumber=#{phoneNumber}
		where id = #{id}
	</select>
	
	<select id="deleteUser" parameterType="String">
		delete from user where id = #{id}
	</select>
</mapper>